app_name,visit_count
Google Chrome,53527
Google,43098
Facebook,29369
Facebook Messenger,24077
Messages,19296
Instagram,15420
Gmail,14898
Contacts,13543
Telegram,10733
Slidejoy,9033
Settings,8689
Verizon Messages,8338
YouTube,7526
Phone,7376
Twitter,6928
WhatsApp Messenger,6655
Google Play Store,6570
Android In Call UI,5840
Samsung Internet Browser,5704
Messaging,5700
Samsung Gallery,5394
Telegram X,4650
Camera,4501
Reddit,4440
Maps,4171
Hangouts,3277
Sâ€™more,2993
Samsung Email,2578
Snapchat,2529
Samsung Pay,2467
Faceu,2297
DigiHUD Pro Speedometer,2290
MAX Cleaner,2206
Reward Stash,1968
Google Drive,1925
MetroZone,1799
WeChat,1755
AOL,1665
Spotify Music,1659
Clock,1600
Yahoo Mail,1477
Calendar,1459
Calculator,1395
Microsoft Outlook,1305
Amazon Shopping,1302
SurveyCow,1252
Google Photos,1179
imo,1099
Pinterest,947
Google Play Music,919
Discord,900
Netflix,888
Pandora Music,859
Microsoft Bing Search,855
eBay,693
Podcast Addict,653
MUIQ Survey App,651
Clean Master,550
Quora,530
Walmart,497
Words With Friends 2,489
Hulu,471
Movie Play Box,452
Robinhood,426
PayPal Mobile Cash,392
The PCH App,384
Messenger Lite,336
Samsung Notes,335
Army Men Strike,307
Swagbucks,307
Lucktastic,288
OfferUp,241
Calorie Counter,199
Receipt Hog,197
Minesweeper Classic (Mines),174
Flipboard Briefing,130
Baseball Boy!,124
TextNow,119
Ibotta,118
Badoo,110
Swagbucks Watch (TV),101
Kik,70
Pixlr,16
EntertaiNow,11
Text One,10
Brave Browser,3
Flickr,1
